{"cameraMode":{"drawMode":0,"name":"Shaded","section":"Shading Mode"},"sceneLighting":true,"audioPlay":false,"sceneViewState":{"showFog":true,"showMaterialUpdate":false,"showSkybox":true,"showFlares":true,"showImageEffects":true,"showParticleSystems":true},"in2DMode":false,"pivot":{"x":-0.7650003433227539,"y":0.7000000476837158,"z":-0.4249999523162842},"rotation":{"x":-0.07013440877199173,"y":-0.004179030656814575,"z":-0.00027716951444745064,"w":0.9975504279136658},"size":11.280055046081543,"orthographic":false}